{"cameraMode":{"drawMode":0,"name":"Shaded","section":"Shading Mode"},"sceneLighting":false,"audioPlay":false,"sceneViewState":{"showFog":true,"showMaterialUpdate":true,"showSkybox":true,"showFlares":true,"showImageEffects":true,"showParticleSystems":true},"in2DMode":false,"pivot":{"x":0.8659963607788086,"y":3.690000057220459,"z":-0.6000000238418579},"rotation":{"x":-0.008507650345563889,"y":-0.9914165139198303,"z":0.0852680653333664,"w":-0.0987439900636673},"size":0.3229663372039795,"orthographic":false}