{"cameraMode":{"drawMode":0,"name":"Shaded","section":"Shading Mode"},"sceneLighting":false,"audioPlay":false,"sceneViewState":{"showFog":true,"showMaterialUpdate":true,"showSkybox":true,"showFlares":true,"showImageEffects":true,"showParticleSystems":true},"in2DMode":false,"pivot":{"x":-0.25734204053878786,"y":2.165984630584717,"z":0.23184268176555634},"rotation":{"x":0.045780714601278308,"y":0.7024539709091187,"z":0.04537146911025047,"w":-0.7088046669960022},"size":22.0,"orthographic":false}