{"cameraMode":{"drawMode":0,"name":"Shaded","section":"Shading Mode"},"sceneLighting":false,"audioPlay":false,"sceneViewState":{"showFog":true,"showMaterialUpdate":true,"showSkybox":true,"showFlares":true,"showImageEffects":true,"showParticleSystems":true},"in2DMode":false,"pivot":{"x":-0.2540000081062317,"y":2.5580997467041017,"z":0.7710000276565552},"rotation":{"x":0.13021829724311829,"y":-0.250481516122818,"z":0.034018974751234058,"w":0.9587205052375794},"size":34.05668640136719,"orthographic":false}