{"cameraMode":{"drawMode":0,"name":"Shaded","section":"Shading Mode"},"sceneLighting":false,"audioPlay":false,"sceneViewState":{"showFog":true,"showMaterialUpdate":true,"showSkybox":true,"showFlares":true,"showImageEffects":true,"showParticleSystems":true},"in2DMode":false,"pivot":{"x":4.050000190734863,"y":1.940000057220459,"z":-1.0399999618530274},"rotation":{"x":-0.23284684121608735,"y":-0.7283403873443604,"z":0.2963108718395233,"w":-0.5722783803939819},"size":0.3229660987854004,"orthographic":false}