{"cameraMode":{"drawMode":0,"name":"Shaded","section":"Shading Mode"},"sceneLighting":false,"audioPlay":false,"sceneViewState":{"showFog":true,"showMaterialUpdate":true,"showSkybox":true,"showFlares":true,"showImageEffects":true,"showParticleSystems":true},"in2DMode":false,"pivot":{"x":-0.2720000147819519,"y":0.9399999976158142,"z":-0.7720000147819519},"rotation":{"x":0.015423176810145378,"y":0.6998813152313232,"z":0.015122056938707829,"w":-0.7139325141906738},"size":0.8573653101921082,"orthographic":false}