{"cameraMode":{"drawMode":0,"name":"Shaded","section":"Shading Mode"},"sceneLighting":false,"audioPlay":false,"sceneViewState":{"showFog":true,"showMaterialUpdate":true,"showSkybox":true,"showFlares":true,"showImageEffects":true,"showParticleSystems":true},"in2DMode":false,"pivot":{"x":0.8517948985099793,"y":0.036524396389722827,"z":-0.6420250535011292},"rotation":{"x":0.07700052857398987,"y":0.7973558902740479,"z":-0.10416152328252793,"w":0.589444637298584},"size":0.3177846074104309,"orthographic":false}