{"cameraMode":{"drawMode":0,"name":"Shaded","section":"Shading Mode"},"sceneLighting":false,"audioPlay":false,"sceneViewState":{"showFog":true,"showMaterialUpdate":true,"showSkybox":true,"showFlares":true,"showImageEffects":true,"showParticleSystems":true},"in2DMode":false,"pivot":{"x":-53.1324462890625,"y":-0.10151749849319458,"z":2.180000066757202},"rotation":{"x":-0.0935526043176651,"y":-0.747054398059845,"z":0.10763882845640183,"w":-0.6492854356765747},"size":3.0635366439819338,"orthographic":false}