{"cameraMode":{"drawMode":0,"name":"Shaded","section":"Shading Mode"},"sceneLighting":false,"audioPlay":false,"sceneViewState":{"showFog":true,"showMaterialUpdate":true,"showSkybox":true,"showFlares":true,"showImageEffects":true,"showParticleSystems":true},"in2DMode":false,"pivot":{"x":718.3264770507813,"y":-22.04340362548828,"z":902.8514404296875},"rotation":{"x":-0.10114473104476929,"y":0.3136938214302063,"z":-0.0336441844701767,"w":-0.9435221552848816},"size":12.488842964172364,"orthographic":false}