{"cameraMode":{"drawMode":0,"name":"Shaded","section":"Shading Mode"},"sceneLighting":false,"audioPlay":false,"sceneViewState":{"showFog":true,"showMaterialUpdate":true,"showSkybox":true,"showFlares":true,"showImageEffects":true,"showParticleSystems":true},"in2DMode":false,"pivot":{"x":-1.218799352645874,"y":1.5309752225875855,"z":0.009028792381286621},"rotation":{"x":-0.0951356515288353,"y":0.9019011855125427,"z":-0.33392688632011416,"w":-0.2569367289543152},"size":0.2857882082462311,"orthographic":false}