{"cameraMode":{"drawMode":0,"name":"Shaded","section":"Shading Mode"},"sceneLighting":false,"audioPlay":false,"sceneViewState":{"showFog":true,"showMaterialUpdate":true,"showSkybox":true,"showFlares":true,"showImageEffects":true,"showParticleSystems":true},"in2DMode":false,"pivot":{"x":0.006550891324877739,"y":2.2250161170959474,"z":-0.33162397146224978},"rotation":{"x":0.19676972925662995,"y":0.601256251335144,"z":-0.1559639871120453,"w":0.7585828304290772},"size":1.1862733364105225,"orthographic":false}