{"cameraMode":{"drawMode":0,"name":"Shaded","section":"Shading Mode"},"sceneLighting":false,"audioPlay":false,"sceneViewState":{"showFog":true,"showMaterialUpdate":true,"showSkybox":true,"showFlares":true,"showImageEffects":true,"showParticleSystems":true},"in2DMode":false,"pivot":{"x":0.0,"y":0.30000001192092898,"z":0.15000000596046449},"rotation":{"x":0.015423176810145378,"y":0.6998813152313232,"z":0.015122056938707829,"w":-0.7139325141906738},"size":1.8521205186843873,"orthographic":false}