{"cameraMode":{"drawMode":0,"name":"Shaded","section":"Shading Mode"},"sceneLighting":false,"audioPlay":false,"sceneViewState":{"showFog":true,"showMaterialUpdate":true,"showSkybox":true,"showFlares":true,"showImageEffects":true,"showParticleSystems":true},"in2DMode":false,"pivot":{"x":1.087641954421997,"y":0.03838186711072922,"z":0.6520360708236694},"rotation":{"x":-0.10485105216503144,"y":0.6429580450057983,"z":-0.08950158953666687,"w":-0.7533928155899048},"size":11.027402877807618,"orthographic":false}