{"cameraMode":{"drawMode":0,"name":"Shaded","section":"Shading Mode"},"sceneLighting":false,"audioPlay":false,"sceneViewState":{"showFog":true,"showMaterialUpdate":true,"showSkybox":true,"showFlares":true,"showImageEffects":true,"showParticleSystems":true},"in2DMode":false,"pivot":{"x":1.3129416704177857,"y":7.102460861206055,"z":0.005377583205699921},"rotation":{"x":-0.03131521865725517,"y":0.6770572662353516,"z":-0.028858620673418046,"w":-0.7346972227096558},"size":27.60186004638672,"orthographic":false}