{"cameraMode":{"drawMode":0,"name":"Shaded","section":"Shading Mode"},"sceneLighting":false,"audioPlay":false,"sceneViewState":{"showFog":true,"showMaterialUpdate":true,"showSkybox":true,"showFlares":true,"showImageEffects":true,"showParticleSystems":true},"in2DMode":false,"pivot":{"x":-0.4813897907733917,"y":1.2315406799316407,"z":-1.610273003578186},"rotation":{"x":0.023022884503006936,"y":0.8641201257705689,"z":-0.03968684375286102,"w":0.5011900067329407},"size":1.1838786602020264,"orthographic":false}