{"cameraMode":{"drawMode":0,"name":"Shaded","section":"Shading Mode"},"sceneLighting":false,"audioPlay":false,"sceneViewState":{"showFog":true,"showMaterialUpdate":true,"showSkybox":true,"showFlares":true,"showImageEffects":true,"showParticleSystems":true},"in2DMode":false,"pivot":{"x":0.0,"y":0.018950700759887697,"z":-0.0059130191802978519},"rotation":{"x":0.08632265776395798,"y":0.7860038876533508,"z":-0.11277001351118088,"w":0.6016887426376343},"size":4.790462017059326,"orthographic":false}