{"cameraMode":{"drawMode":0,"name":"Shaded","section":"Shading Mode"},"sceneLighting":false,"audioPlay":false,"sceneViewState":{"showFog":true,"showMaterialUpdate":true,"showSkybox":true,"showFlares":true,"showImageEffects":true,"showParticleSystems":true},"in2DMode":false,"pivot":{"x":0.12275208532810211,"y":1.0305864810943604,"z":-0.4200027585029602},"rotation":{"x":0.015423176810145378,"y":0.6998813152313232,"z":0.015122056938707829,"w":-0.7139325141906738},"size":3.651057720184326,"orthographic":false}