{"cameraMode":{"drawMode":0,"name":"Shaded","section":"Shading Mode"},"sceneLighting":false,"audioPlay":false,"sceneViewState":{"showFog":true,"showMaterialUpdate":true,"showSkybox":true,"showFlares":true,"showImageEffects":true,"showParticleSystems":true},"in2DMode":false,"pivot":{"x":0.3636077642440796,"y":2.6531879901885988,"z":1.2249094247817994},"rotation":{"x":0.19676972925662995,"y":0.601256251335144,"z":-0.1559639871120453,"w":0.7585828304290772},"size":5.55318021774292,"orthographic":false}