{"cameraMode":{"drawMode":0,"name":"Shaded","section":"Shading Mode"},"sceneLighting":false,"audioPlay":false,"sceneViewState":{"showFog":true,"showMaterialUpdate":true,"showSkybox":true,"showFlares":true,"showImageEffects":true,"showParticleSystems":true},"in2DMode":false,"pivot":{"x":0.2871760129928589,"y":1.5249402523040772,"z":0.016779664903879167},"rotation":{"x":-0.16913390159606934,"y":-0.8112088441848755,"z":0.4819723069667816,"w":-0.2846693992614746},"size":1.5897271633148194,"orthographic":false}