{"cameraMode":{"drawMode":0,"name":"Shaded","section":"Shading Mode"},"sceneLighting":true,"audioPlay":false,"sceneViewState":{"showFog":true,"showMaterialUpdate":true,"showSkybox":true,"showFlares":true,"showImageEffects":true,"showParticleSystems":true},"in2DMode":false,"pivot":{"x":0.699359118938446,"y":1.4798423051834107,"z":-0.8894348740577698},"rotation":{"x":0.13515019416809083,"y":-0.7086591720581055,"z":0.14130085706710816,"w":0.6779164671897888},"size":7.647383689880371,"orthographic":false}