{"cameraMode":{"drawMode":0,"name":"Shaded","section":"Shading Mode"},"sceneLighting":false,"audioPlay":false,"sceneViewState":{"showFog":true,"showMaterialUpdate":true,"showSkybox":true,"showFlares":true,"showImageEffects":true,"showParticleSystems":true},"in2DMode":false,"pivot":{"x":-1.218799352645874,"y":1.5309752225875855,"z":0.009028792381286621},"rotation":{"x":-0.05030012130737305,"y":-0.8836835026741028,"z":0.09768832474946976,"w":-0.4550059735774994},"size":0.2857882082462311,"orthographic":false}