{"cameraMode":{"drawMode":0,"name":"Shaded","section":"Shading Mode"},"sceneLighting":false,"audioPlay":false,"sceneViewState":{"showFog":true,"showMaterialUpdate":true,"showSkybox":true,"showFlares":true,"showImageEffects":true,"showParticleSystems":true},"in2DMode":false,"pivot":{"x":-53.1324462890625,"y":-0.9280350208282471,"z":2.180000066757202},"rotation":{"x":-0.008507650345563889,"y":-0.9914165139198303,"z":0.0852680653333664,"w":-0.0987439900636673},"size":3.7495574951171877,"orthographic":false}