{"cameraMode":{"drawMode":0,"name":"Shaded","section":"Shading Mode"},"sceneLighting":false,"audioPlay":false,"sceneViewState":{"showFog":true,"showMaterialUpdate":true,"showSkybox":true,"showFlares":true,"showImageEffects":true,"showParticleSystems":true},"in2DMode":false,"pivot":{"x":-0.023000001907348634,"y":2.0460000038146974,"z":-0.05065000057220459},"rotation":{"x":0.3336561918258667,"y":0.4109954535961151,"z":-0.1647791862487793,"w":0.832228422164917},"size":3.2862730026245119,"orthographic":false}