{"cameraMode":{"drawMode":0,"name":"Shaded","section":"Shading Mode"},"sceneLighting":false,"audioPlay":false,"sceneViewState":{"showFog":true,"showMaterialUpdate":true,"showSkybox":true,"showFlares":true,"showImageEffects":true,"showParticleSystems":true},"in2DMode":false,"pivot":{"x":-0.415193110704422,"y":-0.34632420539855959,"z":0.4772336781024933},"rotation":{"x":-0.2742135226726532,"y":0.6571690440177918,"z":-0.27986082434654238,"w":-0.6439051628112793},"size":1.0922560691833497,"orthographic":false}